SMILES;MW;LogP;HBD;HBA;TPSA;RotatableBonds;Lipinski;Veber;PAINS;Brenk;Status
BrC1=CC=C(F)C(C(OC)=O)=C1;233.03599999999994;2.3748000000000005;0.0;2.0;26.3;1.0;True;True;False;False;
CC1(C)CCC(C)(C)C2=C1C=C(C)C(C3(CC3)C4=CC=C(C(O)=O)C=N4)=C2;363.50100000000003;5.517120000000006;1.0;2.0;50.19;3.0;True;True;False;False;
FC1=C(F)C(C(OC)=O)=C(F)C(F)=C1Br;287.006;2.7921000000000005;0.0;2.0;26.3;1.0;True;True;False;True;
CC1(C)CCC(C)(C)C2=C1C=C(C)C(C(C3=CC=C(C(O)=O)C=N3)=C)=C2;349.4740000000001;5.498720000000006;1.0;2.0;50.19;3.0;True;True;False;False;
O=C(C[N+]1=CSC=C1)C2=CC=CC=C2.[Br-];284.178;-1.0774999999999997;0.0;2.0;20.95;3.0;True;True;False;True;
OCCCC1CCNCC1;143.23;0.7585;2.0;2.0;32.26;3.0;True;True;False;False;
O=C(NCC(N(CC1=CC=C(CN)C=C1)CC2=CC=CC(Br)=C2)=O)NC3=CC=C(C(N)=O)C=C3;524.4190000000002;3.3572000000000006;4.0;4.0;130.55;9.0;True;True;False;False;
O=C(NCC(N(CC1=CC=C(CN)C=C1)CC2=CC=C(Cl)C(Cl)=C2)=O)NC3=CC=C(C(N)=O)C=C3;514.4130000000002;3.901500000000002;4.0;4.0;130.55;9.0;True;True;False;False;
O=C(CCCCCCCCNCC(OCC)=O)OC;273.373;2.0427999999999997;1.0;5.0;64.63;12.0;True;False;False;True;
NC1=NC=C(C#N)C=N1;120.115;-0.06951999999999997;1.0;4.0;75.59;0.0;True;True;False;False;
O=C(OCC)CNC(NCCCCCCNC(NCC(OCC)=O)=O)=O;374.43800000000016;0.27140000000000275;4.0;6.0;134.85999999999999;13.0;True;False;False;True;
O=C1NC(/C(S1)=C/C2=CC(OCCOC3=C(C=CC=C4)C4=CC(/C=C(S5)/C(NC5=O)=O)=C3)=C(C=CC=C6)C6=C2)=O;568.6320000000002;6.098600000000005;2.0;8.0;110.79999999999998;7.0;False;True;False;True;
O=C1NC(/C(S1)=C/C2=CC=C(C(NCCCNC(C(C=C3)=CC=C3/C=C(S4)\C(NC4=O)=O)=O)=O)C=C2)=O;536.5910000000003;2.8843000000000014;4.0;8.0;150.53999999999996;8.0;True;False;False;True;
O=C1NC(/C(S1)=C/C2=CC(OCCCCCCCCCCCCCC)=C(C=CC=C3)C3=C2)=O;467.67500000000035;8.243600000000006;1.0;4.0;55.4;15.0;True;False;False;True;
O=C1NC(/C(S1)=C/C2=CC(OCCCCCCCCCC)=C(C=CC=C3)C3=C2)=O;411.5670000000002;6.6832000000000065;1.0;4.0;55.4;11.0;True;False;False;True;
N#CC1=CN=C(NC(NCCC(OCC)=O)=O)N=C1;263.25699999999995;0.4229799999999997;2.0;6.0;116.99999999999999;5.0;True;True;False;False;
O=C1NC(/C(S1)=C/C2=CC(OCCCCCC)=C(C=CC=C3)C3=C2)=O;355.459;5.122800000000004;1.0;4.0;55.4;7.0;True;True;False;True;
O=C1NC(/C(S1)=C/C2=CC(/C=C3SC(NC\3=O)=O)=C(C=CC=C4)C4=C2)=O;382.42200000000014;3.4876000000000014;2.0;6.0;92.34;2.0;True;True;False;True;
O=S(CC1=CC=C(C2=CSN=N2)C=C1)(C3=NN=CN3)=O;307.36;1.2970999999999997;1.0;7.0;101.48999999999998;4.0;True;True;False;False;
C1(C2=CSN=N2)=CC=C(CSC3=NN=CN3)C=C1;275.362;2.6155;1.0;6.0;67.35;4.0;True;True;False;False;
CC1(C2)CC(C)(CC2(C)C3)CC3(C(NNC(N)=O)=O)C1;279.384;2.0725999999999996;3.0;2.0;84.22;1.0;True;True;False;True;
alpha-hydroxy-1-adamantaneacetamide;;;;;;;;;;;Invalid
1-adamantanecarbohydroxamic acid;;;;;;;;;;;Invalid
5-(1,1-dioxo-2,3-2H-1Hthiophen-3-ylsulfanyl)-1H-(1,2,4)triazole, hydrobromide;;;;;;;;;;;Invalid
1-adamantaneacetic hydrazide;;;;;;;;;;;Invalid
1-dodecanesulfonic acid hydraze;;;;;;;;;;;Invalid
OC1=CC=C(C(OC)=O)C=C1C;166.176;1.48722;1.0;3.0;46.53;1.0;True;True;False;False;
OC1=CC=C(C(N/N=C/C2=CC(OC)=C(OCC3=CC=C(C(C)C)C=C3)C(OC)=C2)=O)C=C1[N+]([O-])=O;493.51600000000025;4.7839000000000045;2.0;8.0;132.52;10.0;True;True;False;True;
N-(4-(5-mercaptotetrazol-1-yl)phenyl)-octadecanamide;;;;;;;;;;;Invalid
N-(4-(5-mercaptotetrazol-1-yl)phenyl)-acetamide;;;;;;;;;;;Invalid
OC1=CC=C(C(N/N=C/C2=CC=C(N3CCN(CC4=CC=C(Cl)C=C4)CC3)C5=C2C=CC=C5)=O)C=C1Cl;533.4590000000003;5.938300000000004;2.0;5.0;68.17;6.0;False;True;False;True;
OC(C(O)=C1)=CC=C1C2=CSC3=NC4=CC=CC=C4N32;282.324;3.627200000000002;2.0;5.0;57.760000000000005;1.0;True;True;True;True;
COC1=CC=C(OC2=CC=C(/C(C)=C/CO)C=C2)C=C1;270.328;3.8831000000000024;1.0;3.0;38.69;5.0;True;True;False;False;
C/C(C(C=C1)=CC=C1OC2=CC=CC=C2)=C\CO;240.302;3.8745000000000034;1.0;2.0;29.46;4.0;True;True;False;False;
O=C1NC(/C(S1)=C/C2=CC(OCCCC(NCCCCCNC(CCCOC3=C(C=CC=C4)C4=CC(/C=C\S)=C3)=O)=O)=C(C=CC=C5)C5=C2)=O.O;729.9210000000005;6.813600000000009;4.0;8.0;154.32999999999998;18.0;False;False;False;True;
O=C1NC(/C(S1)=C/C2=CC(OCCCC(NCCCNC(CCCOC3=C(C=CC=C4)C4=CC(/C=C\S)=C3)=O)=O)=C(C=CC=C5)C5=C2)=O.O;701.8670000000004;6.033400000000007;4.0;8.0;154.32999999999998;16.0;False;False;False;True;
N1(CC2CC2)CCNCC1;140.23000000000002;0.3015999999999999;1.0;2.0;15.27;2.0;True;True;False;False;
CC1OC(C)CN(C(N2CC(C)OC(C)C2)=O)C1;256.346;1.3248;0.0;3.0;42.010000000000005;0.0;True;True;False;False;
CC1OC(C)CN(C(N2CC(C)OC(C)C2)=O)C1;256.346;1.3248;0.0;3.0;42.010000000000005;0.0;True;True;False;False;
OC1=CC=C(C(N/N=C/C2=CC=C(CO)C3=C2C=CC=C3)=O)C=C1C#N;345.35800000000006;2.673280000000001;3.0;5.0;105.70999999999998;4.0;True;True;False;True;
O=C1NC(/C(S1)=C/C2=CC(OCCCCC(NCCCNC(CCCCOC3=C(C=CC=C4)C4=CC(/C=C(S5)\CNC5=O)=C3)=O)=O)=C(C=CC=C6)C6=C2)=O;766.9420000000003;7.535100000000007;4.0;9.0;151.92999999999998;18.0;False;False;False;True;
OC(C(O)=C1)=CC=C1C2=CSC3=NC4=CC=CC=C4N32;282.324;3.627200000000002;2.0;5.0;57.760000000000005;1.0;True;True;True;True;
C#CN1C2=CC=CC=C2C3=C1C=CC=C3;191.23299999999998;3.2333000000000016;0.0;1.0;4.93;0.0;True;True;False;True;
O=C1NC(/C(S1)=C/C2=CC(OCC(NCCCNC(COC3=C(C=CC=C4)C4=CC(/C=C(S5)\C(NC5=O)=O)=C3)=O)=O)=C(C=CC=C6)C6=C2)=O;696.7630000000003;4.721100000000003;4.0;10.0;168.99999999999997;12.0;True;False;False;True;
O=C(NNC(OC)=O)NNC(OC)=O;206.158;-1.1724000000000006;4.0;5.0;117.79000000000002;0.0;True;True;False;True;
CC(OC(C=C1)=CC=C1OC2=CC=C(C(F)(F)F)C=C2)=O;296.24399999999997;4.423000000000002;0.0;3.0;35.53;3.0;True;True;False;True;
NC(N1C[C@@H](C)O[C@@H](C)C1)=O;158.20099999999994;0.1742999999999999;1.0;2.0;55.559999999999995;0.0;True;True;False;False;
NC(N1CC(C)OC(C)C1)=O;158.20099999999994;0.1742999999999999;1.0;2.0;55.559999999999995;0.0;True;True;False;False;
OC1=CC=C(N2C(CCC2=O)=O)C=N1;192.174;0.4406;1.0;4.0;70.5;1.0;True;True;False;True;
N=C(NC(OC)=O)NC(C=C1)=CC=C1OC2=CC=CC=C2;285.303;3.1815700000000016;3.0;4.0;83.44;3.0;True;True;False;True;
O=C(OC(C)(C)C)N1CCS(CC1)=NS(C2=CC=C(C)C=C2)(=O)=O;372.5120000000001;2.736320000000001;0.0;4.0;76.03999999999999;2.0;True;True;False;False;
C12=CC=CC=C1C3=C(C=CC=C3)N2CN4CCOCC4;266.344;3.084200000000002;0.0;3.0;17.4;2.0;True;True;False;False;
CC(OC(C=C1)=CC=C1OC2=CC=C(C(F)(F)F)C=C2)=O;296.24399999999997;4.423000000000002;0.0;3.0;35.53;3.0;True;True;False;True;
N=C(NC(OC)=O)NC(C=C1)=CC=C1OC2=CC=CC=C2;285.303;3.1815700000000016;3.0;4.0;83.44;3.0;True;True;False;True;
COC1=NC(NC(C=C2)=CC=C2OC3=CC=CC=C3)=NO1;283.28700000000003;3.6141000000000014;1.0;6.0;69.41;5.0;True;True;False;False;
NN1C2=CC=CC=C2OCC1;150.18099999999995;0.7591000000000001;1.0;3.0;38.489999999999995;0.0;True;True;False;True;
O=C(NNC(OC)=O)NNC(OC)=O;206.158;-1.1724000000000006;4.0;5.0;117.79000000000002;0.0;True;True;False;True;
BrC1=CC=CC(NC([S-])=S)=C1.CC[NH+](CC)CC;349.36300000000017;2.623800000000001;2.0;2.0;16.47;4.0;True;True;False;True;
O=C(OC(C)(C)C)N1CCN(CC2=CC=C(Cl)C(Cl)=C2)CC1;345.2700000000001;4.046100000000004;0.0;3.0;32.78;2.0;True;True;False;False;
N=C(NC(OC)=O)NC(C=C1)=CC=C1OC2=CC=CC=C2;285.303;3.1815700000000016;3.0;4.0;83.44;3.0;True;True;False;True;
NC(N1C[C@@H](C)O[C@@H](C)C1)=O;158.20099999999994;0.1742999999999999;1.0;2.0;55.559999999999995;0.0;True;True;False;False;
ClC1=CC(Cl)=CC(N2C(NN=C2S)=O)=C1;262.12100000000004;2.1560999999999995;2.0;4.0;50.68;1.0;True;True;False;True;
COC1=CC=C(NC(CC(CC(O)=O)(C)C)=O)C=C1;265.30899999999997;2.5247;2.0;3.0;75.63;6.0;True;True;False;False;
BrC1=CC=CC(N2C(NN=C2S)=O)=C1;272.127;1.6117999999999995;2.0;4.0;50.68;1.0;True;True;False;True;
COC1=CC=CC(NC(NNC(OCC)=O)=S)=C1;269.32599999999996;1.6426999999999998;3.0;4.0;71.62;3.0;True;True;False;True;
BrC1=CC=CC(N2C(NN=C2S)=O)=C1;272.127;1.6117999999999995;2.0;4.0;50.68;1.0;True;True;False;True;
SC1=NNC(N1C2=CC(OC)=CC=C2)=O;223.25699999999998;0.8578999999999999;2.0;5.0;59.910000000000004;2.0;True;True;False;True;
ClC1=CC=C(N2)C(C=CC2=O)=C1;179.606;2.1814999999999998;1.0;1.0;32.86;0.0;True;True;False;False;
ClC1=CC=C2C(C=CC(O/C=C/C(NC3=CC=C(Cl)C=C3)=O)=N2)=C1;359.21200000000005;5.072800000000003;1.0;3.0;51.22;4.0;True;True;False;True;
O=C(NN(CC)C1=O)N1C2=CC=CC=C2;205.217;0.34719999999999973;1.0;4.0;59.79;2.0;True;True;False;False;
ClC1=CC(Cl)=CC(N2C(NN=C2S)=O)=C1;262.12100000000004;2.1560999999999995;2.0;4.0;50.68;1.0;True;True;False;True;
BrC1=CC=CC(N2C(NN=C2S)=O)=C1;272.127;1.6117999999999995;2.0;4.0;50.68;1.0;True;True;False;True;
BrC1=CC=CC(NC(NNC(OCC)=O)=S)=C1;318.196;2.3966000000000003;3.0;3.0;62.38999999999999;2.0;True;True;False;True;
COC1=CC(CN2CCNCC2)=CC=C1;206.28900000000002;1.1003999999999996;1.0;3.0;24.5;3.0;True;True;False;False;
O=C(NN)OCN1C2=CC=CC=C2C3=C1C=CC=C3;255.27700000000002;2.3518999999999997;2.0;4.0;69.28;2.0;True;True;False;True;
ClC1=CC=CC(NC(NNC(OCC)=O)=S)=C1;273.74499999999995;2.2874999999999996;3.0;3.0;62.38999999999999;2.0;True;True;False;True;
O=C(NNC(NC1=CC(SC(F)(F)F)=CC=C1)=O)NC2=CC(SC(F)(F)F)=CC=C2;470.42;5.768600000000002;4.0;4.0;82.26;4.0;True;True;False;True;
O=C(NN=C1S)N1C2=CC=CC=C2;193.23100000000002;0.8492999999999999;2.0;4.0;50.68;1.0;True;True;False;True;
ClC1=CC=C2C(C=CC(O/C=C/C(NC3=CC=C(Cl)C=C3)=O)=N2)=C1;359.21200000000005;5.072800000000003;1.0;3.0;51.22;4.0;True;True;False;True;
O=C(OC(C)(C)C)N1CCN(CC2=CC=C(Cl)C(Cl)=C2)CC1;345.2700000000001;4.046100000000004;0.0;3.0;32.78;2.0;True;True;False;False;
COC1=NC(NC(C=C2)=CC=C2OC3=CC=CC=C3)=NO1;283.28700000000003;3.6141000000000014;1.0;6.0;69.41;5.0;True;True;False;False;
N1(CC2=CC=C(C3=CC=CC=C3)C=C2)CCNCC1;252.36099999999996;2.7588;1.0;2.0;15.27;3.0;True;True;False;False;
ClC1=C(Cl)C=C(N2)C(NC(C3=O)=C2C3=O)=C1;255.05999999999997;2.3899999999999997;2.0;4.0;58.199999999999996;0.0;True;True;False;True;
O=C(N(CC)N(CC)C1=O)N1C2=CC=CC=C2;233.27100000000002;0.8404999999999996;0.0;5.0;48.93;3.0;True;True;False;False;
O=C(C(OC1=CC=C(Cl)C=C1)=O)NN2CCOCC2;284.69900000000007;0.6087999999999998;1.0;5.0;67.87;2.0;True;True;False;True;
C12=CC=CC=C1CCN(C3=NC(C=CC=C4)=C4O3)C2;250.30100000000002;3.390500000000002;0.0;3.0;29.270000000000003;1.0;True;True;False;False;
O=C(OC1=CC=C(Cl)C=C1)NN2CCCCC2;254.71699999999996;2.829300000000001;1.0;3.0;41.57;2.0;True;True;False;False;
O=C(OC1=CC=C(CC(OC)=O)C=C1)NN2CC3=CC=CC=C3CC2;340.3790000000001;2.463800000000001;1.0;5.0;67.86999999999999;4.0;True;True;False;False;
O=C1C2=C(S(CC(O)=O)(=O)=O)SC(C(O)=O)=C2CC(C)(C)C1;346.3820000000002;1.4597000000000002;2.0;6.0;125.81;4.0;True;True;False;False;
O=C1C2=C(S(C)(=O)=O)SC(C(C3=CC=CC=C3F)=O)=C2CC(C)(C)C1;380.4620000000002;3.6768000000000027;0.0;5.0;68.28;3.0;True;True;False;False;
O=C(OC1=CC=C(C(OC)=O)C=C1)NN2CC3=CC=CC=C3CC2;326.3520000000001;2.5349000000000004;1.0;5.0;67.86999999999999;3.0;True;True;False;False;
O=C(OC1=CC=C(Br)C=C1)NN2CC3=CC=CC=C3CC2;347.2120000000001;3.5108000000000015;1.0;3.0;41.57;2.0;True;True;False;False;
O=C(OC1=CC=C(Br)C=C1)NN2CC3=CC=CC=C3CC2;347.2120000000001;3.5108000000000015;1.0;3.0;41.57;2.0;True;True;False;False;
O=C(OC1=CC=C(OC)C=C1)NN2CC3=CC=CC=C3CC2;298.3420000000001;2.756900000000001;1.0;4.0;50.800000000000004;3.0;True;True;False;False;
O=C(OCC1=CC=C(OC)C=C1)NN2CC3=CC=CC=C3CC2;312.3690000000001;2.894700000000001;1.0;4.0;50.800000000000004;4.0;True;True;False;False;
O=C(OC1=CC=C(Br)C=C1)NN2CC3=CC=CC=C3CC2;347.2120000000001;3.5108000000000015;1.0;3.0;41.57;2.0;True;True;False;False;
O=C(OC1=C(OC)C=CC=C1)NN2CC3=CC=CC=C3CC2;298.3420000000001;2.756900000000001;1.0;4.0;50.800000000000004;3.0;True;True;False;False;
O=C(OC1=CC=C(F)C=C1)NN2CC3=CC=CC=C3CC2;286.3060000000001;2.8874000000000013;1.0;3.0;41.57;2.0;True;True;False;False;
O=C(OC(C)(C)C1=CC=C(C2=CC=CC=C2)C=C1)NN3CC4=CC=CC=C4CC3;386.49500000000023;5.288200000000005;1.0;3.0;41.57;4.0;True;True;False;False;
O=C(C(OC)=O)NN1CCOCC1;188.18299999999996;-1.4771999999999992;1.0;5.0;67.87;1.0;True;True;False;True;
O=C(C(OC)=O)NN1CCOCC2;;;;;;;;;;;Invalid
O=C(OC1=CC=C(NC(OC(C)(C)C)=O)C=C1)NN2C(COC)CCCC2;379.4570000000002;3.5379000000000023;2.0;6.0;89.13;5.0;True;True;False;False;
O=C(OC1=CC=C(Cl)C=C1)NN2CCN(C)CC2;269.732;1.5907999999999998;1.0;4.0;44.81;2.0;True;True;False;False;
ClC1=CC=C(OC(N(N(C)C)C(OC2=CC=C(Cl)C=C2)=O)=O)C=C1;369.20400000000006;4.469800000000003;0.0;5.0;59.080000000000005;3.0;True;True;False;True;
O=C(OC1=CC=CC=C1)NN=C2C3=C(OCC2)C=CC=C3;282.2989999999999;2.961800000000001;1.0;4.0;59.92;2.0;True;True;False;True;
BN(NC(OC1=CC=CC=C1)=O)C2CCOCC2;248.09099999999992;0.7190999999999994;1.0;4.0;50.8;3.0;True;True;False;True;
O=C(OC1=CC=CC=C1)N/N=C2CCOCC/2;234.2549999999999;1.9413999999999998;1.0;4.0;59.92;2.0;True;True;False;True;
O=C(OC1=CC=CC=C1)NNC2CCOCC2;236.27099999999993;1.4586;2.0;4.0;59.59;3.0;True;True;False;True;
O=C(OC1=CC=CC=C1)N/N=C2CCOCC/2;234.2549999999999;1.9413999999999998;1.0;4.0;59.92;2.0;True;True;False;True;
O=C(OC1=CC=CC=C1)N/N=C2CCSCC/2;250.32299999999992;2.6580000000000004;1.0;4.0;50.69;2.0;True;True;False;True;
O=C(OC1=CC=C(Cl)C=C1)NN2CCCC2;240.68999999999997;2.4392000000000005;1.0;3.0;41.57;2.0;True;True;False;False;
O=C(OC1=CC=C(Cl)C=C1)NN2CCCC2;240.68999999999997;2.4392000000000005;1.0;3.0;41.57;2.0;True;True;False;False;
N1(CC2=CC=C(C3=CC=CC=C3)C=C2)CCNCC1;252.36099999999996;2.7588;1.0;2.0;15.27;3.0;True;True;False;False;
O=C(OC1=CC=C(Cl)C=C1)NC2=NC=CS2;254.69800000000004;3.4074;1.0;4.0;51.22;2.0;True;True;False;False;
O=C(OC1=CC=C(Cl)C=C1)NC2=NC=CS2;254.69800000000004;3.4074;1.0;4.0;51.22;2.0;True;True;False;False;
CC(N(C1=CC=CC=C1)NC(OC2=CC=C(Cl)C=C2)=O)=O;304.733;3.3965000000000014;1.0;3.0;58.64;2.0;True;True;False;True;
O=C(OC1=CC=C(Cl)C=C1)NC2=NC=CS2;254.69800000000004;3.4074;1.0;4.0;51.22;2.0;True;True;False;False;
O=C(OC1=CC=C(Cl)C=C1)NC2=NC=CS2;254.69800000000004;3.4074;1.0;4.0;51.22;2.0;True;True;False;False;
O=C(OC1=CC=C(Cl)C=C1)NC2=NC3=CC=CC=C3C=C2;298.72900000000004;4.499100000000002;1.0;3.0;51.22;2.0;True;True;False;False;
O=C(OCC1=CC=CC=C1)NCCC2=NC=CC=C2;256.30499999999995;2.5505000000000004;1.0;3.0;51.22;5.0;True;True;False;False;
O=C(OC1=CC=C(Cl)C=C1)NN(CCO2)C3=C2C=CC=C3;304.733;3.242400000000001;1.0;4.0;50.8;2.0;True;True;False;False;
O=C(OC1=CC=C(Cl)C=C1)NC2=CC=CC=N2;248.66900000000004;3.345900000000001;1.0;3.0;51.22;2.0;True;True;False;False;
C/C(C1=CC=CC=C1)=N/NC(OC2=CC=CC=C2)=O;254.289;3.199200000000002;1.0;3.0;50.690000000000005;3.0;True;True;False;True;
O=C(OC1=CC=C(Cl)C=C1)NC2=NC3=CC=CC=C3C=C2;298.72900000000004;4.499100000000002;1.0;3.0;51.22;2.0;True;True;False;False;
O=C(OC1=C(F)C=CC=C1)NN2CC3=CC=CC=C3CC2;286.3060000000001;2.8874000000000013;1.0;3.0;41.57;2.0;True;True;False;False;
C/C(C)=N\NC(OC1=CC=CC=C1)=O;192.218;2.1708;1.0;3.0;50.690000000000005;2.0;True;True;False;True;
C/C(C1=CC=CC=C1)=N/NC(OC2=CC=CC=C2)=O;254.289;3.199200000000002;1.0;3.0;50.690000000000005;3.0;True;True;False;True;
O=C(OC1=CC=C(CC)C=C1)NN2CC3=CC=CC=C3CC2;296.3700000000001;3.3107000000000024;1.0;3.0;41.57;3.0;True;True;False;False;
O=C(OC1=C(C)C=CC=C1)NN2CC3=CC=CC=C3CC2;282.3430000000001;3.056720000000001;1.0;3.0;41.57;2.0;True;True;False;False;
O=C(OC1=C(Cl)C=CC=C1Cl)NN2CC3=CC=CC=C3CC2;337.20600000000013;4.055100000000002;1.0;3.0;41.57;2.0;True;True;False;False;
O=C(OC1=CC(C)=CC=C1)NN2CC3=CC=CC=C3CC2;282.3430000000001;3.056720000000001;1.0;3.0;41.57;2.0;True;True;False;False;
CC(CC1=C(C(C2=CC=C(Cl)C=C2)=O)SC(S(=O)(C)=O)=C31)(C)CC3=O;396.9170000000002;4.191100000000003;0.0;5.0;68.28;3.0;True;True;False;False;
CN1CCC=C(C2=NSN=C2SCCCCCl)C1;303.884;3.3681000000000028;0.0;5.0;29.020000000000003;6.0;True;True;False;True;
CN1CCC=C(C2=NSN=C2SCCC=C)C1;267.423;2.925200000000001;0.0;5.0;29.020000000000003;5.0;True;True;False;True;
CN1CCC=C(C2=NSN=C2SCCCC=C)C1;281.45000000000005;3.3153000000000024;0.0;5.0;29.020000000000003;6.0;True;True;False;True;
CN1CCC=C(C2=NSN=C2SCCCC#N)C1;280.42199999999997;2.6528800000000006;0.0;6.0;52.81;5.0;True;True;False;True;
CN1CCC=C(C2=NSN=C2SCCl)C1;261.803;2.5454000000000008;0.0;5.0;29.020000000000003;3.0;True;True;False;True;
CCCCCCSC1=NSN=C1C2CN3CC2CCC3;311.52000000000015;4.019700000000004;0.0;5.0;29.020000000000003;7.0;True;True;False;True;
CN1CCC=C(C2=NSN=C2SCCCCCCCCO)C1;341.54600000000016;3.682000000000002;1.0;6.0;49.25;10.0;True;True;False;True;
CN1CCC=C(C2=NSN=C2SCCCCC#N)C1;294.449;3.042980000000002;0.0;6.0;52.81;6.0;True;True;False;True;
CN1CCC=C(C2=NSN=C2SCCCC3=CC=CC=C3)C1;331.51;3.981900000000003;0.0;5.0;29.020000000000003;6.0;True;True;False;True;
CN1CCC=C(C2=NSN=C2SCCOCC)C1;285.43800000000005;2.3856;0.0;6.0;38.25;6.0;True;True;False;True;
CN1CCC=C(C2=NSN=C2SCC/C=C\CC)C1;295.4770000000001;3.7054000000000027;0.0;5.0;29.020000000000003;6.0;True;True;False;True;
CN1CCC=C(C2=NSN=C2SCCCCCC#N)C1;308.47600000000006;3.433080000000002;0.0;6.0;52.81;7.0;True;True;False;True;
CN1CCC=C(C2=NSN=C2SCC(CC)CC)C1;297.49300000000005;3.785300000000003;0.0;5.0;29.020000000000003;6.0;True;True;False;False;
CN1CCC=C(C2=NSN=C2SCCC3OCCO3)C1;313.4480000000001;2.1121;0.0;7.0;47.480000000000004;5.0;True;True;False;False;
CN1CCC=C(C2=NSN=C2SCC3CCCCC3)C1;309.50400000000013;3.929400000000003;0.0;5.0;29.020000000000003;4.0;True;True;False;False;
CN1CCC=C(C2=NSN=C2SCC3CC3)C1;267.423;2.759100000000001;0.0;5.0;29.020000000000003;4.0;True;True;False;False;
C=CCCCCSC1=NSN=C1C2CN3CC2CCC3;309.50400000000013;3.7957000000000027;0.0;5.0;29.020000000000003;7.0;True;True;False;True;
C=CCCCCCCSC1=NSN=C1C2=CCCN(C)C2;323.5310000000002;4.485600000000004;0.0;5.0;29.020000000000003;9.0;True;True;False;True;
CN(C1)CCC=C1C2=NSN=C2SCCCC#C;279.43399999999997;2.762500000000001;0.0;5.0;29.020000000000003;5.0;True;True;False;True;
CN(C1)CCC=C1C2=NSN=C2SCCCCCCC;311.5200000000001;4.319500000000004;0.0;5.0;29.020000000000003;8.0;True;True;False;True;
ClC1=NSN=C1C2(Cl)CN3CC2CCC3;264.181;2.3512000000000004;0.0;4.0;29.020000000000003;1.0;True;True;False;True;
CO/N=C1CN2CC/1CCC2;154.21299999999997;0.7144000000000001;0.0;3.0;24.83;1.0;True;True;False;True;
CN(C1)CCC=C1C2=NSN=C2SC3CCCC3;281.45000000000005;3.2917000000000023;0.0;5.0;29.020000000000003;3.0;True;True;False;False;
CN(C1)CCC=C1C2=NSN=C2SCCOCCOC;315.4640000000001;2.0120999999999998;0.0;7.0;47.480000000000004;8.0;True;True;False;True;
ClCCCSC1=NSN=C1C2=CCCN(C)C2;289.857;2.9780000000000015;0.0;5.0;29.020000000000003;5.0;True;True;False;True;
CN(C1)CCC=C1C2=NSN=C2SCCCCC=C;295.47700000000003;3.7054000000000027;0.0;5.0;29.020000000000003;7.0;True;True;False;True;
COCCSC1=NSN=C1C2=CCCN(C)C2;271.411;1.9955;0.0;6.0;38.25000000000001;5.0;True;True;False;True;
CN(C1)CCC=C1C2=NSN=C2CCCCCCCC;293.48;4.160000000000004;0.0;4.0;29.020000000000003;8.0;True;True;False;True;
CCCCCOC1=NSN=C1C2=CCCN(C)C2;267.398;2.8260000000000014;0.0;5.0;38.25000000000001;6.0;True;True;False;True;
CN(C1)CCC=C1C2=NSN=C2CC3CC3;235.35599999999997;2.2095000000000002;0.0;4.0;29.020000000000003;3.0;True;True;False;False;
CN(C1)CCC=C1C2=NSN=C2CCCCCCC;279.453;3.7699000000000025;0.0;4.0;29.020000000000003;7.0;True;True;False;True;
CN(C1)CCC=C1C2=NSN=C2CCC;223.34499999999997;2.2095000000000002;0.0;4.0;29.020000000000003;3.0;True;True;False;False;
CN(C1)CCC=C1C2=NSN=C2CCCCC;251.39899999999994;2.989700000000002;0.0;4.0;29.020000000000003;5.0;True;True;False;True;
CN(C1)CCC=C1C2=NSN=C2OCCCCCC;281.425;3.2161000000000017;0.0;5.0;38.25;7.0;True;True;False;True;
CN(C1)CCC=C1C2=NSN=C2OCCOCCOCC;313.42300000000006;1.6889;0.0;7.0;56.71000000000001;9.0;True;True;False;True;
CCCCCCOC1=NSN=C1C2=CC=CN=C2;263.366;3.5592000000000024;0.0;5.0;47.900000000000006;7.0;True;True;False;True;
CN(C1)CCC=C1C2=NSN=C2OCCOCCCC;297.42400000000004;2.4525000000000006;0.0;6.0;47.480000000000004;8.0;True;True;False;True;
CN(C1)CCC=C1C2=NSN=C2CCCCC=C;263.40999999999997;3.155800000000002;0.0;4.0;29.020000000000003;6.0;True;True;False;True;
CN(C1)CCC=C1C2=NSN=C2SCCOC;271.411;1.9954999999999998;0.0;6.0;38.25;5.0;True;True;False;True;
CN(C1)CCC=C1C2=NSN=C2OCCCCCC;281.425;3.2161000000000017;0.0;5.0;38.25;7.0;True;True;False;True;
CN(C1)CCC=C1C2=NSN=C2OCCOCCOCCCC;341.47700000000015;2.469100000000001;0.0;7.0;56.71000000000001;11.0;True;False;False;True;
CN(C1)CCC=C1C2=NSN=C2NCCCCCC;280.44100000000003;3.249200000000002;1.0;5.0;41.050000000000004;7.0;True;True;False;True;
CN(C1)CCC=C1C2=NSN=C2SCCCC;269.43899999999996;3.1492000000000013;0.0;5.0;29.020000000000003;5.0;True;True;False;True;
CN(C1)CCC=C1C2=NSN=C2CC(C)C;237.37199999999999;2.4555000000000007;0.0;4.0;29.020000000000003;3.0;True;True;False;False;
CN(C1)CCC=C1C2=NSN=C2SCCCCCCCC;325.54700000000014;4.7096000000000044;0.0;5.0;29.020000000000003;9.0;True;True;False;True;
CN(C1)CCC=C1C2=NSN=C2SCCC;255.41199999999998;2.759100000000001;0.0;5.0;29.020000000000003;4.0;True;True;False;False;
CN(C1)CCC=C1C2=NSN=C2OCCCCCC;281.425;3.2161000000000017;0.0;5.0;38.25;7.0;True;True;False;True;
CN(C1)CCC=C1C2=NSN=C2SC(C)=O;255.368;1.8956;0.0;6.0;46.09;2.0;True;True;False;True;
CN(C)C1=NSN=C1C2=CCCN(C)C2;224.33299999999997;1.323;0.0;5.0;32.260000000000005;2.0;True;True;False;False;
CN(C1)CCC=C1C2=NSN=C2OCCCC;253.37099999999995;2.4359;0.0;5.0;38.25;5.0;True;True;False;True;
CN(C1)CCC=C1C2=NSN=C2N3CCOCC3;266.37;1.0936;0.0;6.0;41.49000000000001;2.0;True;True;False;False;
CN(C1)CCC=C1C2=NSN=C2OCCOCC;269.36999999999995;1.6723;0.0;6.0;47.480000000000004;6.0;True;True;False;True;
CN(C1)CCC=C1C2=NSN=C2OCC;225.31699999999998;1.6557;0.0;5.0;38.25;3.0;True;True;False;False;
CN(C1)CCC=C1C2=NSN=C2OCCCOCC;283.397;2.0624;0.0;6.0;47.480000000000004;7.0;True;True;False;True;
CN(C1)CCC=C1C2=NSN=C2OCCCCCC;281.425;3.2161000000000017;0.0;5.0;38.25;7.0;True;True;False;True;
O=C(C1=CC=C2C(N=C(OCC)C(C(F)(F)F)=N2)=C1)C3=CC=CC=C3;346.308;4.278300000000002;0.0;4.0;52.08;4.0;True;True;False;False;
O=C1C([N+]([O-])=O)=C(N)N2C=CSC2=N1;212.19000000000003;0.24639999999999967;1.0;7.0;103.53;1.0;True;True;False;True;
O=C(C1=CC=C(N=C2C(F)(F)F)C(NC2=O)=C1)C3=CC=CC=C3;318.25399999999996;3.172900000000001;1.0;3.0;62.82;2.0;True;True;False;False;
CC1=NN=C(SCC(C(F)(F)F)=O)S1;242.24699999999999;2.0700200000000004;0.0;5.0;42.85;3.0;True;True;False;False;
CC(CC1=C(C(O)=O)SC(S(=O)(C)=O)=C21)(C)CC2=O;302.37300000000005;2.0049;1.0;5.0;88.50999999999999;2.0;True;True;False;False;
CC(CC1=C(C(O)=O)SC(S(=O)(C)=O)=C21)(C)CC2=O;302.37300000000005;2.0049;1.0;5.0;88.50999999999999;2.0;True;True;False;False;
O=C(C=P(Cl)(Cl)Cl)C1CC1;219.43499999999997;3.2467000000000006;0.0;1.0;17.07;2.0;True;True;False;True;
O=C1C(C(F)(F)F)=NC2=CC=CC=C2N1.CC(O)=O;274.19800000000004;2.0327999999999995;2.0;3.0;83.05000000000001;0.0;True;True;False;False;
BrC1=NC2=CC=C(C(C3=CC=CC=C3)=O)C=C2N=C1C(F)(F)F;381.15100000000007;4.642100000000001;0.0;3.0;42.85;2.0;True;True;False;False;
O=C1C(C(F)(F)F)=NC2=CC(C(C3=CC=CC=C3)=O)=CC=C2N1;318.2540000000001;3.172900000000001;1.0;3.0;62.82;2.0;True;True;False;False;
O=C(C1=CC=C2C(N=C(Br)C(C(F)(F)F)=N2)=C1)C3=CC=CC=C3;381.151;4.642100000000003;0.0;3.0;42.85;2.0;True;True;False;False;
O=C1C2=NN=C(C(F)(F)F)N2C3=CC(Cl)=CC=C3N1;288.616;2.2429999999999994;1.0;4.0;63.050000000000004;0.0;True;True;False;False;
CSC1C(C(C)=O)C(C)C(C(OCC)=O)S1;262.39599999999996;2.1952999999999996;0.0;5.0;43.370000000000005;4.0;True;True;False;False;
CSC1=NC=C(C#N)C(Cl)=N1;185.639;1.72358;0.0;4.0;49.57;1.0;True;True;False;False;
CSC1=NC=C(OC)C(Cl)=N1;190.65499999999997;1.8604999999999998;0.0;4.0;35.010000000000005;2.0;True;True;False;False;
IC1=CN=CNC1=O;221.985;0.37450000000000006;1.0;2.0;45.75;0.0;True;True;False;True;
O=C(C=P(Cl)(Cl)Cl)C1CC1;219.43499999999997;3.2467000000000006;0.0;1.0;17.07;2.0;True;True;False;True;
CS(C1=CSC(CO[Si](C)(C)C(C)(C)C)=C1)(=O)=O;306.525;3.6734000000000018;0.0;4.0;43.370000000000005;4.0;True;True;False;True;
CC(CC(C1C(SC)=S)=O)(C)CC1=O;230.35399999999996;2.2512;0.0;4.0;34.14;1.0;True;True;False;True;
CC(CC1=C(C(O)=O)SC(OCC)=C21)(C)CC2=O;268.33399999999995;3.0001000000000015;1.0;4.0;63.6;3.0;True;True;False;False;
CC(CC1=C(C(O)=O)SC(OCC)=C21)(C)CC2=O;268.33399999999995;3.0001000000000015;1.0;4.0;63.6;3.0;True;True;False;False;
CC(CC1=C(C#N)SC(S(C)(=O)=O)=C21)(C)CC2=O;283.374;2.1783799999999998;0.0;5.0;75.0;1.0;True;True;False;False;
OCC1=CC(S(C)(=O)=O)=CS1;192.261;0.6439000000000001;1.0;4.0;54.37;2.0;True;True;False;False;
O=C1C2=C(SCC(OCC)=O)SC(C(OCC)=O)=C2CC(C3=CC(Cl)=C(Cl)C=C3)C1;487.4260000000003;5.7995000000000045;0.0;7.0;69.67000000000002;7.0;True;True;False;False;
O=C(C1=CC=C(CN(C2=CC=C(C3CCCCC3)C=C2)C(NC4=CC=C(C(N(C5CC5)C6=O)=O)C6=C4)=O)C=C1)NC7=NNN=N7;604.671;5.496800000000004;3.0;7.0;153.27999999999997;8.0;False;False;False;True;
CC(CC(C1C(SC)=S)=O)(C)CC1=O;230.35399999999996;2.2512;0.0;4.0;34.14;1.0;True;True;False;True;
O=C1C2=C(SCC(OCC)=O)SC(C(OCC)=O)=C2CC(C3=CC(Cl)=C(Cl)C=C3)C1;487.4260000000003;5.7995000000000045;0.0;7.0;69.67000000000002;7.0;True;True;False;False;
O=C1OC(C(C=C2)=CC=C2C3=CC=CC=C3)=N/C1=C\C4=CC=C(OC(F)(F)F)C=C4;409.36300000000006;5.596700000000003;0.0;4.0;47.89;4.0;True;True;False;True;
O=C1N(C2=CC=C(C(O)=O)C=C2)C(C(C=C3)=CC=C3C4=CC=CC=C4)=N/C1=C\C5=CC=C(OC(F)(F)F)C=C5;528.4860000000002;6.784900000000004;1.0;4.0;79.2;6.0;False;True;True;True;
O=C(NCC(O)=O)C1=CC=C(OC(F)(F)F)C=C1;263.17099999999994;1.3996;2.0;3.0;75.63000000000001;4.0;True;True;False;False;
COC(CCNC(C1=CC=C(NC(OC(C)(C)C)=O)C=C1)=O)=O;322.36100000000005;2.3264999999999993;2.0;5.0;93.72999999999999;5.0;True;True;False;False;
O=C(NCC(OC(C)(C)C)=O)C1=CC=C(OC(F)(F)F)C=C1;319.279;2.6567000000000007;1.0;4.0;64.63;4.0;True;True;False;False;
OC(CCNC(C1=CC=C(NC(OC(C)(C)C)=O)C=C1)=O)=O;308.334;2.2380999999999993;3.0;4.0;104.72999999999999;5.0;True;True;False;False;
O=C(NCC(O)=O)C1=CC=C(C2=CC=CC=C2)C=C1;255.27300000000002;2.168;2.0;2.0;66.4;4.0;True;True;False;False;
O=C(NCC(OC(C)(C)C)=O)C1=CC=C(C2=CC=CC=C2)C=C1;311.38100000000003;3.4251000000000023;1.0;3.0;55.4;4.0;True;True;False;False;
[H]C(C1=CC=C(OCCCC(O)=O)C=C1)=O;208.21300000000002;1.7427;1.0;3.0;63.6;6.0;True;True;False;True;
O=C(/C(S1)=C/C2=CC=C(C(O)=O)C=C2)NC1=O;249.24699999999999;1.7087;2.0;4.0;83.47;2.0;True;True;False;True;
O=C(NC1=CC2=C(C=C1)NN=N2)OCC3C(C=CC=C4)=C4C5=C3C=CC=C5;356.38500000000005;4.318900000000003;2.0;4.0;79.9;3.0;True;True;False;False;
O=C(NCCCNC(OC(C)(C)C)=O)C1=CC2=C(C=C1)NN=N2;319.36499999999995;1.6024999999999994;3.0;5.0;109.0;5.0;True;True;False;True;
O=C(/C(S1)=C/C2=CC(C(O)=O)=CC=C2)NC1=O;249.24699999999999;1.7087;2.0;4.0;83.47;2.0;True;True;False;True;
[H]C(C1=CC(OCCCC(O)=O)=CC=C1)=O;208.21300000000002;1.7427;1.0;3.0;63.6;6.0;True;True;False;True;
O=C(NCCCN)C1=CC2=C(C=C1)NN=N2;219.24800000000005;0.03649999999999981;3.0;4.0;96.69;4.0;True;True;False;True;
O=C(/C(S1)=C/C2=CC=C(/C=C/C(O)=O)C=C2)NC1=O;275.285;2.1083000000000003;2.0;4.0;83.47;3.0;True;True;False;True;
O=C(/C(S1)=C/C2=CC(OCC(O)=O)=CC=C2)NC1=O;279.273;1.4739;2.0;5.0;92.69999999999999;4.0;True;True;False;True;
O=C(/C(S1)=C/C2=CC(OCCCC(O)=O)=CC=C2)NC1=O;307.32699999999994;2.2541;2.0;5.0;92.69999999999999;6.0;True;True;False;True;
[H]C(C1=CC=C(OCCCC(O)=O)C=C1)=O;208.21300000000002;1.7427;1.0;3.0;63.6;6.0;True;True;False;True;
O=C(/C(S1)=C/C2=CC=C(OCCCC(O)=O)C=C2)NC1=O;307.32699999999994;2.2541;2.0;5.0;92.69999999999999;6.0;True;True;False;True;
O=C(/C(S1)=C/C2=CC(Br)=C(OCC(O)=O)C=C2)NC1=O;358.16900000000004;2.2363999999999997;2.0;5.0;92.69999999999999;4.0;True;True;False;True;
CN(CC1)CCC1(C2=NC(C)=NO2)C3=CC=CC=C3;257.337;2.3897200000000005;0.0;4.0;42.160000000000004;2.0;True;True;False;False;
O=C(OC)C1=CC2C(S1)NC3=CC=CC=C32;233.292;2.325500000000001;1.0;4.0;38.33;1.0;True;True;False;False;
CN(CC1)CCC1(C2=NC(C)=NO2)C3=CC=CC=C3;257.337;2.3897200000000005;0.0;4.0;42.160000000000004;2.0;True;True;False;False;
CN(CC1)CCC1(C2=NC(C3=CC=CC=C3)=NO2)C4=CC=CC=C4;319.408;3.748300000000003;0.0;4.0;42.160000000000004;3.0;True;True;False;False;
O=C(OC)C1=CC2=C(S1)NC3=CC=CC=C32;231.276;3.169200000000001;1.0;3.0;42.09;1.0;True;True;False;False;
O=C(OC)C1=CC2=C(S1)NC3=CC=CC=C32;231.276;3.169200000000001;1.0;3.0;42.09;1.0;True;True;False;False;
CC1=C(C(OCC)=O)C(C2=CC([N+]([O-])=O)=CC=C2)NC3=CC=CC=C3N1;353.37800000000004;4.010600000000002;2.0;6.0;93.5;4.0;True;True;False;True;
OC(C1=CC2=C(S1)N(C)C3=CC=CC=C32)=O;231.276;3.0912000000000015;1.0;3.0;42.230000000000004;1.0;True;True;False;False;
CC1=C(C(OCC)=O)C(C2=CC([N+]([O-])=O)=CC=C2)NC3=CC=CC=C3N1;353.37800000000004;4.010600000000002;2.0;6.0;93.5;4.0;True;True;False;True;
OC(C1=CC2=C(S1)NC3=CC=CC=C32)=O;217.24900000000002;3.0808;2.0;2.0;53.089999999999996;1.0;True;True;False;False;
O=C(OC)C1=CC2=C(S1)NC3=CC=C(Br)C=C32;310.172;3.931700000000001;1.0;3.0;42.09;1.0;True;True;False;False;
CN(CC1)CCC1(C2=NC(C)=NO2)C3=CC=CC=C3;257.337;2.3897200000000005;0.0;4.0;42.160000000000004;2.0;True;True;False;False;
CN(CC1)CCC1(C2=NC(C)=NO2)C3=CC=CC=C3;257.337;2.3897200000000005;0.0;4.0;42.160000000000004;2.0;True;True;False;False;
O=CC1=CNC2=CC(C(OC)=O)=CC=C21;203.19699999999997;1.767;1.0;3.0;59.160000000000004;2.0;True;True;False;True;
O=C(C1=CC=CC2=C1OCC2)C3=NC=CC=C3;225.24699999999999;2.2475000000000005;0.0;3.0;39.19;2.0;True;True;False;False;
O=C(CN1C2=C(C=CC=C2)C3=C1C=CC=C3)OCC;253.30099999999996;3.3576000000000015;0.0;3.0;31.23;3.0;True;True;False;False;
